{"cameraMode":{"drawMode":0,"name":"Shaded","section":"Shading Mode"},"sceneLighting":false,"audioPlay":false,"sceneViewState":{"m_AlwaysRefresh":false,"showFog":true,"showSkybox":false,"showFlares":true,"showImageEffects":true,"showParticleSystems":true,"showVisualEffectGraphs":true,"m_FxEnabled":true},"in2DMode":false,"pivot":{"x":-3.0694050788879396,"y":4.691396713256836,"z":-0.45630186796188357},"rotation":{"x":0.19129697978496552,"y":-0.041669152677059177,"z":0.002975139068439603,"w":0.9813401699066162},"size":3.9714908599853517,"orthographic":false}