{"cameraMode":{"drawMode":0,"name":"Shaded","section":"Shading Mode"},"sceneLighting":false,"audioPlay":false,"sceneViewState":{"showFog":true,"showMaterialUpdate":false,"showSkybox":false,"showFlares":true,"showImageEffects":true,"showParticleSystems":true},"in2DMode":false,"pivot":{"x":0.019615784287452699,"y":0.11474147439002991,"z":-0.008720248937606812},"rotation":{"x":-0.1890682429075241,"y":0.021312657743692399,"z":-0.004118903540074825,"w":-0.9817240238189697},"size":0.7834010720252991,"orthographic":false}