{"cameraMode":{"drawMode":0,"name":"Shaded","section":"Shading Mode"},"sceneLighting":false,"audioPlay":false,"sceneViewState":{"showFog":true,"showMaterialUpdate":false,"showSkybox":false,"showFlares":true,"showImageEffects":true,"showParticleSystems":true},"in2DMode":false,"pivot":{"x":-1.6204242706298829,"y":3.7292613983154299,"z":0.8751220703125},"rotation":{"x":-0.3488243520259857,"y":-0.04570593312382698,"z":0.01701989397406578,"w":-0.9359182119369507},"size":17.542997360229493,"orthographic":false}